<?xml version="1.0" encoding="UTF-8"?>
<ti:app xmlns:ti="http://ti.appcelerator.org">
	<id>com.appcelerator.harness</id>
	<name>harness</name>
	<version>1.0</version>
	<publisher>not specified</publisher>
	<url>not specified</url>
	<description>not specified</description>
	<copyright>not specified</copyright>
	<icon>appicon.png</icon>
	<persistent-wifi>false</persistent-wifi>
	<prerendered-icon>false</prerendered-icon>
	<statusbar-style>default</statusbar-style>
	<statusbar-hidden>false</statusbar-hidden>
	<fullscreen>false</fullscreen>
	<navbar-hidden>false</navbar-hidden>
	<analytics>false</analytics>
	<guid></guid>
	<property name="ti.ui.defaultunit">system</property>
	<iphone>
		<orientations device="iphone">
			<orientation>Ti.UI.PORTRAIT</orientation>
		</orientations>
		<orientations device="ipad">
			<orientation>Ti.UI.PORTRAIT</orientation>
			<orientation>Ti.UI.UPSIDE_PORTRAIT</orientation>
			<orientation>Ti.UI.LANDSCAPE_LEFT</orientation>
			<orientation>Ti.UI.LANDSCAPE_RIGHT</orientation>
		</orientations>
	</iphone>
	<android xmlns:android="http://schemas.android.com/apk/res/android">
		<activities>
			<activity url="suites/android/android/jsActivity.js"/>
		</activities>
	</android>
	<mobileweb>
		<precache>
		</precache>
		<splash>
			<enabled>true</enabled>
			<inline-css-images>true</inline-css-images>
		</splash>
		<theme>default</theme>
	</mobileweb>
	<modules>
	</modules>
	<property name="ti.android.bug2373.disableDetection" type="bool">true</property>
</ti:app>
