{"titanium-utils.jar":["Utils"],"titanium-geolocation.jar":["Geolocation.Android","Geolocation"],"titanium-facebook.jar":["Facebook"],"titanium-xml.jar":["XML"],"titanium-accelerometer.jar":["Accelerometer"],"titanium-locale.jar":["Locale"],"titanium-titanium.jar":["Titanium.Stream","Titanium","KrollModule","Titanium.Codec"],"titanium-contacts.jar":["Contacts"],"titanium-network.jar":["Network","Network.Socket"],"titanium-analytics.jar":["Analytics"],"titanium-ui.jar":["UI","UI.ActivityIndicatorStyle","UI.Clipboard","UI.Android"],"titanium-android.jar":["Android.NotificationManager","Android","Android.Environment"],"titanium-app.jar":["App.Android","App","App.Properties"],"titanium-filesystem.jar":["Filesystem"],"titanium-map.jar":["Map"],"titanium-gesture.jar":["Gesture"],"titanium-calendar.jar":["Android.Calendar"],"titanium-media.jar":["Media","Media.Android"],"titanium-platform.jar":["Platform.Android","Platform"],"titanium-database.jar":["Database"]}